1,1,DummyMachine,Dummy Machine,
2,2,Cromoman,Cromoman,
3,3,MO,MO,
4,4,HeidelbergCD102,Heidelberg CD 102,
5,5,HeidelbergCD74,Heidelberg CD 74,
6,6,HeidelbergGTO46,Heidelberg GTO 46,
7,7,HeidelbergGTO52,Heidelberg GTO 52,
8,8,HeidelbergKORD,Heidelberg KORD,
9,9,HeidelbergKORS,Heidelberg KORS,
10,10,HeidelbergMO,Heidelberg MO,
11,11,HeidelbergPM52,Heidelberg PM 52,
12,12,HeidelbergPM74,Heidelberg PM 74,
13,13,HeidelbergSM52,Heidelberg SM 52,
14,14,HeidelbergSM74,Heidelberg SM 74,
15,15,HeidelbergSORD,Heidelberg SORD,
16,16,HeidelbergSORM72SM72,Heidelberg SORM 72 / SM 72,
17,17,HeidelbergSORSSM102,Heidelberg SORS / SM 102,
18,18,HeidelbergXL105,Heidelberg XL 105,
19,19,HeidelbergHarrisV25M,Heidelberg Harris V25/M,
20,20,HeidelbergHarrisM110,Heidelberg Harris M 110,
21,21,HeidelbergHarrisM300,Heidelberg Harris M 300,
22,22,HeidelbergHarrisM600,Heidelberg Harris M 600,
23,23,HeidelbergHarrisM1000,Heidelberg Harris M 1000,
24,24,KBARapida,KBA Rapida,
25,25,KBARapida74,KBA Rapida 74,
26,26,KBARapida104,KBA Rapida 104,
27,27,KBARapida105,KBA Rapida 105,
28,28,KBARapida106,KBA Rapida 106,
29,29,KBARapida72,KBA Rapida 72,
30,30,KBACompacta,KBA Compacta,
31,31,KBACompacta214,KBA Compacta 214,
32,32,KBAA500,KBA A500,
33,33,KBAJournal,KBA Journal,
34,34,KBASimultan,KBA Simultan,
35,35,KBAMetalstar,KBA Metalstar,
36,36,KBAMailander45,KBA Mailander 45,
37,37,KomoriSprint25,Komori Sprint 25,
38,38,KomoriSprint26,Komori Sprint 26,
39,39,KomoriLithrone20,Komori Lithrone 20,
40,40,KomoriLithrone26,Komori Lithrone 26,
41,41,KomoriLithrone28,Komori Lithrone 28,
42,42,KomoriLithroneS40,Komori Lithrone S 40,
43,43,KomoriLithrone40,Komori Lithrone 40,
44,44,KomoriLithrone44,Komori Lithrone 44,
45,45,KomoriLithrone420,Komori Lithrone 420,
46,46,KomoriLithrone426,Komori Lithrone 426,
47,47,KomoriKomori526,Komori Komori 526,
48,48,KomoriKomoriExcel32,Komori Komori Excel32,
49,49,KomoriKomoriS40,Komori Komori S40,
50,50,KomoriKors,Komori Kors,
51,51,ManRolandRolandParva,Man Roland Roland Parva,
52,52,ManRolandRolandRecordIIIB,Man Roland Roland Record IIIB,
53,53,ManRolandRolandRecord,Man Roland Roland Record   ,
54,54,ManRolandRolandUltra,Man Roland Roland Ultra,
55,55,ManRolandRoland100,Man Roland Roland 100,
56,56,ManRolandRoland200,Man Roland Roland 200,
57,57,ManRolandRolland700,Man Roland Rolland 700,
58,58,ManRolandRoland900,Man Roland Roland 900,
59,59,ManRolandRoland300,Man Roland Roland 300,
60,60,ManRolandRoland500,Man Roland Roland 500,
61,61,ManRolandRoland800,Man Roland Roland 800,
62,62,ManRolandRolandFavorite,Man Roland Roland Favorite,
63,63,ManRolandRolandKordRzk,Man Roland Roland Kord Rzk,
64,64,ManRolandManColorman35,Man Roland Man Colorman 35,
65,65,ManRolandManCromoman,Man Roland Man Cromoman,
66,66,ManRolandManCoroman,Man Roland Man Coroman,
67,67,ManRolandManCromoset,Man Roland Man Cromoset,
68,68,ManRolandManUniman22,Man Roland Man Uniman 2/2,
69,69,ManRolandManUniman42,Man Roland Man Uniman 4/2,
70,70,ManRolandManUniman,Man Roland Man Uniman,
71,71,ManRolandManUniset60,Man Roland Man Uniset 60,
72,72,ManRolandManUniset70,Man Roland Man Uniset 70 ,
73,73,ManRolandManUniset45,Man Roland Man Uniset 45,
74,74,ManRolandManUniset75,Man Roland Man Uniset 75,
75,75,ManRolandManUltraman,Man Roland Man Ultraman,
76,76,ManRolandManRotoman,Man Roland Man Rotoman,
77,77,ManRolandManPolyman578,Man Roland Man Polyman 578,
78,78,GossCommunity,Goss Community,
79,79,GossCommunityMagnum,Goss Community Magnum,
80,80,GossHO,Goss HO,
81,81,GossHT70,Goss HT 70,
82,82,GossMagnum,Goss Magnum,
83,83,GossSSC,Goss SSC,
84,84,GossSuburban,Goss Suburban,
85,85,GossUniversal,Goss Universal,
86,86,GossUniversal35,Goss Universal 35,
87,87,GossUniversal45,Goss Universal 45,
88,88,GossUniversal50,Goss Universal 50,
89,89,GossUniversal63,Goss Universal 63,
90,90,GossUrbanite,Goss Urbanite,
91,91,MesinIndiaPressLine,Mesin India Press Line,
92,92,MesinIndiaOrientSuper,Mesin India Orient Super,
93,93,MesinIndiaManugraphCityline,Mesin India Manugraph Cityline,
94,94,MesinIndiaRaghbeerFast300,Mesin India Raghbeer Fast 300,
95,95,MesinIndiaFastGemini,Mesin India Fast Gemini,
96,96,MesinIndiaManugraph,Mesin India Manugraph,
97,97,MesinIndiaManugraphHiline,Mesin India Manugraph Hiline,
98,98,Ryobi320,Ryobi 320,
99,99,Ryobi524H,Ryobi 524 H,
100,100,Ryobi520529,Ryobi 520-529,
101,101,Ryobi640649,Ryobi 640-649,
102,102,Ryobi750759,Ryobi 750-759,
103,103,Ryobi756,Ryobi 756,
104,104,Ryobi920,Ryobi 920,
105,105,Ryobi924,Ryobi 924,
106,106,SolnaD225,Solna D225,
107,107,SolnaD30,Solna D30,
108,108,SolnaD35,Solna D35,
109,109,SolnaD25,Solna D25,
110,110,SolnaWebcam,Solna Webcam,
111,111,SolnaSolna,Solna Solna,
112,112,Sakuraioliver72,Sakurai oliver 72,
113,113,SakuraiOliverSakurai,Sakurai Oliver Sakurai,
114,114,SakuraiOliverSakurai272,Sakurai Oliver Sakurai 272,
115,115,Mitsubishi1FHD1,Mitsubishi 1F/H- ( D1 ),
116,116,Mitsubishi3FD3,Mitsubishi 3F ( D3 ),
117,117,Mitsubishi4F,Mitsubishi 4F,
118,118,Mitsubishi4H,Mitsubishi 4H,
119,119,MitsubishiD16Z,Mitsubishi D16Z,
120,120,MitsubishiD3,Mitsubishi D3,
121,121,MitsubishiDaiya,Mitsubishi Daiya,
122,122,DGM430,DGM 430,
123,123,Didde,Didde,
124,124,AKIRA6C,AKIRA 6C,
125,125,Alfondmall,Alfondmall,
126,126,AkiyamaHa244,Akiyama Ha 244,
127,127,AlbFrankenthal,Alb - Frankenthal,
128,128,CrabtreeMarq,Crabtree Marq,
129,129,Colorliner,Colorliner,
130,130,Gazelle,Gazelle,
131,131,Global,Global,
132,132,Hanscho,Hanscho,
133,133,Herland,Herland,
134,134,Hamada,Hamada,
135,135,Happa,Happa,
136,136,Metalstar,Metalstar,
137,137,MultiPlater,Multi Plater,
138,138,MullerMartini,Muller Martini,
139,139,MullerMartiniPronto2200,Muller Martini Pronto 2200,
140,140,NewsKing,News King,
141,141,NewsWeb,News Web,
142,142,Polytipe,Polytipe,
143,143,PolytypeFribourg,Polytype Fribourg,
144,144,Primex,Primex,
145,145,Proof,Proof,
146,146,Seiken40,Seiken 40,
147,147,Sinohara,Sinohara,
148,148,Suburban,Suburban,
149,149,TenzorD1400,Tenzor D-1400,
150,150,TaiyoKikai,Taiyo Kikai,
151,151,TisonSt150,Tison St 150,
152,152,TisonSt250,Tison St 250,
153,153,Ukita,Ukita,
154,154,Zeiser,Zeiser,
155,155,CrabtreeMarquess,Crabtree Marquess,
156,156,GTO52,GTO 52,
157,157,KomoriS38,Komori S38,
158,158,Manugraph,Manugraph,
159,159,Solna,Solna,
160,160,SolnaD380,Solna D380,
161,161,Universal,Universal,
162,162,HeidelbergSMCD102,Heidelberg SM CD 102,
163,163,Mitsubishi73,Mitsubishi 73,
164,164,Roland700,Roland 700,
165,165,Ryobi76,Ryobi 76,
166,166,Ryobi92,Ryobi 92,
167,167,KomoriL420,Komori L420,
168,168,MANColorman,MAN Colorman,
169,169,MANCromoman,MAN Cromoman,
170,170,Tenzor,Tenzor,
171,171,DGM,DGM,
172,172,GossCommunityUOP,Goss Community UOP,
173,173,Hanstcho,Hanstcho,
174,174,MANUniman,MAN Uniman,
175,175,MANUniset,MAN Uniset,
176,176,RaghbeerFastGemini,Raghbeer Fast Gemini,
177,177,Tensor,Tensor,
178,178,HeidelbergSMCD74,Heidelberg SM CD 74,
179,179,KomoriL40,Komori L40,
180,180,MitsubishiD3D30,Mitsubishi D3 / D30,
181,181,KBA130,KBA 130,
182,182,KomoriE28,Komori E28,
184,183,Matrix,Matrix,
185,184,Roland500,Roland 500,
186,185,Ryobi720,Ryobi 720,
187,186,GOSSComercial150,GOSS Comercial 150,
188,187,GossCommunity63,Goss Community 63,
189,188,GossM600,Goss M600,
190,189,GossWSC200300,Goss WS-C200/300,
191,190,Harris,Harris,
192,191,HarrisM1000,Harris M1000,
193,192,HeidelbergM600,Heidelberg M600,
194,193,HidSMCD102,Hid SM CD 102,
195,194,KBACompacta213,KBA Compacta 213,
196,195,KBACompacta215,KBA Compacta 215,
197,196,KingWebPress,King Web Press,
198,197,MANCOROMAN,MAN COROMAN,
199,198,MANRotoman,MAN Rotoman,
200,199,MANUniman22,MAN Uniman 2/2,
201,200,MANUniset75,MAN Uniset 75,
202,201,ManugraphCityline,Manugraph Cityline,
203,202,ManugraphHiline,Manugraph Hiline,
204,203,Miracle,Miracle,
205,204,Orient,Orient,
206,205,Pressline30,Pressline 30,
207,206,SolnaC96,Solna C96,
208,207,SolnaD31,Solna D31,
209,208,Toshiba,Toshiba,
210,209,Uniset70,Uniset 70,
211,210,WebCom,Web Com,
212,211,WebKing,Web King,
213,212,Komori6Warna,Komori 6 Warna,
214,213,KBA162,KBA 162,
215,214,Komori,Komori,
216,215,MANMiller,MAN Miller,
217,216,Roland200,Roland 200,
218,217,Ryobi750,Ryobi 750,
219,218,Shinohara52,Shinohara 52,
220,219,HeidelbergCPCTronik,Heidelberg CPC Tronik ,
221,220,HeidelbergXL75,Heidelberg XL 75,
222,221,KomoriL226,Komori L226,
223,222,Mitsubishi100Del,Mitsubishi 100 Del,
224,223,PrimexP450,Primex - P450,
225,224,Roland300,Roland 300,
226,225,Ryobi925,Ryobi 925,
227,226,HeidelbergSM102,Heidelberg SM 102,
228,227,Komori4Warna,Komori 4 Warna,
229,228,Komori526,Komori 526,
230,229,KomoriE29,Komori E29,
231,230,KomoriEnthrone29,Komori Enthrone 29,
232,231,KomoriL426,Komori L426,
233,232,KomoriL444C,Komori L44 (4C),
234,233,KomoriL446C,Komori L44 (6C),
235,234,KomoriLS40,Komori LS40,
236,235,Mailander,Mailander,
237,236,MANFerostal,MAN Ferostal,
238,237,Mitsubishi2F,Mitsubishi 2F,
239,238,MitsubishiD1000,Mitsubishi D1000,
240,239,MitsubishiLS3000,Mitsubishi LS3000,
241,240,Mitusbishi4F,Mitusbishi 4F,
242,241,Oliver72,Oliver 72,
243,242,RolandFavorit,Roland Favorit,
244,243,Ryobi524HX,Ryobi 524 HX,
245,244,Sakurai472,Sakurai 472,
246,245,Shinohara66,Shinohara 66,
247,246,SORS,SOR S,
248,247,KBAPlanetav142,KBA Planeta v142,
249,248,KomoriL28,Komori L28,
250,249,Common,Common,
251,250,GossHTNew,Goss HT (New),
252,251,Crabtree,Crabtree,
253,252,Ryobi526,Ryobi 526,
254,253,KBASuperSimultan,KBA SuperSimultan,
255,254,WebMaster,Web Master,
256,255,Rockwell,Rockwell,
257,256,GossCommercial150,Goss Commercial 150,
258,257,G.CommunityPressline30,G.Community/Pressline 30,
259,258,GossWS,Goss WS,
260,259,RaghbeerFast300,Raghbeer Fast 300,
261,260,HarrisV25,Harris V 25,
262,261,RagbeerFast300,Ragbeer Fast 300,
263,262,Rotoman,Rotoman,
264,263,ManugraphHi,Manugraph Hi,
265,264,KomoriS40,Komori S40,
266,265,SolnaD300,Solna D300,
267,266,SMCD102,SM CD 102,
268,267,SM102,SM 102,
269,268,SORM,SORM,
270,269,PM74,PM 74,
271,270,KBA105,KBA 105,
272,271,HIDSM52PM52,HID SM 52/PM 52,
273,272,HeidelbergSORM,Heidelberg SORM,
274,273,HeidelbergSORS,Heidelberg SORS,
275,274,SM72,SM 72,
276,275,SM74,SM 74,
277,276,RolandRecordRK3B,Roland Record RK3B,
278,277,OliverSakurai58,Oliver Sakurai 58,
279,278,RolandFavorite,Roland Favorite,
280,279,Oliver66,Oliver 66,
281,280,KORS,KORS,
282,281,Hamada700,Hamada 700,
283,282,Roland,Roland,
284,283,Sinohara52,Sinohara 52,
285,284,ManRoland500,Man Roland 500,
286,285,SORMSM72,SORM / SM 72,
287,286,UVCoater,UV Coater,
288,287,ManRoland700,Man Roland 700,
289,288,MitsubishiD3D,Mitsubishi D3 / D,
290,289,Ryobi750756,Ryobi 750/756,
291,290,Dominan,Dominan,
292,291,HeidelbergSORMZ,Heidelberg SOR MZ,
293,292,KomoriExcel32,Komori Excel 32,
294,293,ManRolandParva2C,Man Roland Parva 2C,
295,294,Oliversakurai72,Oliver sakurai 72,
296,295,Roland202,Roland 202,
297,296,RolandRecord3B,Roland Record 3B,
298,297,SM52,SM 52,
299,298,Rolland700,Rolland 700,
300,299,XL105,XL 105,
301,300,Intaglio,Intaglio,
302,301,IntaglioV.1,Intaglio V.1,
303,302,IntaglioV.2,Intaglio V.2,
304,303,SMCD74,SM CD 74,
305,304,Taiyo,Taiyo,
306,305,Tison,Tison,
307,306,Akira,Akira,
308,307,Gazelle6,Gazelle 6,
309,308,Castanoli,Castanoli,
310,309,MANUniman42,MAN Uniman 4/2,
311,310,GossHO2609,Goss HO 2609,
312,311,Crabtreemarq.,Crabtree marq.,
313,312,KBAMetastar,KBA Metastar,
314,313,KBAPlaneta,KBA Planeta,
315,314,HeidelbergGTO52DDS,Heidelberg GTO 52 - DDS,
316,315,HeidelbergSM72,Heidelberg SM 72,
317,316,CX102,CX 102,
318,317,HeidelbergXL106,Heidelberg XL 106,
319,318,HarrisM600,Harris M600,
320,319,KBARapida110,KBA Rapida 110,
321,320,KBARapida108,KBA Rapida 108,
322,321,KBARapida111,KBA Rapida 111,
323,322,KBARapida109,KBA Rapida 109,
324,323,KBARapida112,KBA Rapida 112,
325,324,KBARapida113,KBA Rapida 113,
326,325,KBARapida114,KBA Rapida 114,
327,326,KBARapida107,KBA Rapida 107,
328,327,KBARapida142,KBA Rapida 142,
329,328,KomoriL26,Komori L26,
330,329,KomoriL29,Komori L29,
331,330,KomoriL240,Komori L240,
332,331,KomoriL44,Komori L44,
333,332,RolandRekordIIIB,Roland Rekord IIIB,
334,333,Akiyama,Akiyama,
335,334,Albert,Albert,
336,335,AutoPrint,Auto Print,
337,336,CroHeidelbergMOman,CroHeidelberg MOman,
338,337,CTP,CTP,
339,338,DGMGossCommunity,DGM / Goss Community,
340,339,GossComm63,Goss Comm 63,
341,340,Humkeler,Humkeler,
342,341,KomoriLG40,Komori LG40,
343,342,MailanderNew,Mailander - New,
344,343,Mailander45,Mailander 45,
345,344,ManCroHeidelbergMOman,Man CroHeidelberg MOman,
346,345,Polytype,Polytype,
347,346,Pressline,Pressline,
348,347,Rutherford,Rutherford,
349,348,Ryobi755,Ryobi 755,
350,349,Sakurai72,Sakurai 72,
351,350,Solna125,Solna 125,
352,351,SolnaC90,Solna C90,
353,352,TensorD1400,Tensor D1400,
354,353,Tester,Tester,
355,354,Uniman22,Uniman 2/2,
356,355,Uniset60,Uniset 60,
357,356,Uniset75,Uniset 75,
359,357,UrbaniteVegas,Goss Urbanite Vegas,
360,358,Uniset,Uniset,
361,359,Raghbeer,Raghbeer,
362,360,Albert63,Albert 63,
363,361,Rolland202,Rolland 202,
364,362,RollandFavorit,Rolland Favorit,
365,363,Oliver58,Oliver 58,
366,364,Adast,Adast,
367,365,Oliver266,Oliver 266,
368,366,Hamada600,Hamada 600,
369,367,Oliver52,Oliver 52,
370,368,KBA106,KBA 106,
371,369,HeidelbergLX102,Heidelberg LX 102,
372,370,Washing,Washing,
373,371,MitD4,Mitsubishi D4,
374,372,HidMov65,Heidelberg Mov 65,
375,373,Spica,Spica,
376,374,Ryobi520,Ryobi 520,
377,375,Ryobi 52,Ryobi 52,
378,376,Harris15,Harris 15,
379,377,horizon546,Horizon 546,
