1,1,Administrator,admin@gmail.com
2,2,tanti,tanti@gmail.com
3,3,purnama,purnama@gmail.com
4,4,fenny,fenny@gmail.com
5,5,adit,adit@gmail.com
6,6,ronald,ronald@gmail.com
7,7,riri,riri@gmail.com
8,8,andi,andi@gmail.com
10,9,michelle,michelle@gmail.com
11,10,ami,ami@gmail.com
12,11,subha,subha@gmail.com
13,12,robert,robert@gmail.com
14,13,meyanti,meyanti@gmail.com
15,14,subagyo,subagyo@gmail.com
16,15,catur,catur@gmail.com
17,16,thomas,thomas@gmail.com
18,17,sri,sri@gmail.com
19,18,eka,eka@gmail.com
20,19,pricilia,pricilia@gmail.com
21,20,anton,anton@gmail.com
22,21,yanto,yanto@gmail.com
23,22,rika,rika@gmail.com
24,23,albert,albert@gmail.com
25,24,erna,erna@gmail.com
26,25,suping,suping@gmail.com
27,26,dodi,dodi@gmail.com
